{
  "commit": "65467c71b96b9fae47ed74d9866a3494030336d4",
  "repository_url": "https://github.com/Azure/azure-rest-api-specs",
  "autorest": "3.9.2",
  "use": [
    "@autorest/python@6.2.1",
    "@autorest/modelerfour@4.24.3"
  ],
  "autorest_command": "autorest specification/purview/resource-manager/readme.md --generate-sample=True --include-x-ms-examples-original-file=True --python --python-sdks-folder=/home/vsts/work/1/azure-sdk-for-python/sdk --use=@autorest/python@6.2.1 --use=@autorest/modelerfour@4.24.3 --version=3.9.2 --version-tolerant=False",
  "readme": "specification/purview/resource-manager/readme.md"
}