{
  "commit": "e716082ac474f182e2220e4f38f1d6191e7636cf",
  "repository_url": "https://github.com/Azure/azure-rest-api-specs",
  "autorest": "3.9.2",
  "use": [
    "@autorest/python@6.4.8",
    "@autorest/modelerfour@4.24.3"
  ],
  "autorest_command": "autorest specification/containerinstance/resource-manager/readme.md --generate-sample=True --include-x-ms-examples-original-file=True --python --python-sdks-folder=/home/vsts/work/1/azure-sdk-for-python/sdk --use=@autorest/python@6.4.8 --use=@autorest/modelerfour@4.24.3 --version=3.9.2 --version-tolerant=False",
  "readme": "specification/containerinstance/resource-manager/readme.md"
}