{
  "autorest": "3.3.0",
  "use": "@autorest/python@5.6.6",
  "commit": "cc247b28bd6dc94786fb18e691d6331a168985f6",
  "repository_url": "https://github.com/Azure/azure-rest-api-specs",
  "autorest_command": "autorest specification/databoxedge/resource-manager/readme.md --multiapi --python --python-mode=update --python-sdks-folder=/home/vsts/work/1/s/azure-sdk-for-python/sdk --track2 --use=@autorest/python@5.6.6 --version=3.3.0",
  "readme": "specification/databoxedge/resource-manager/readme.md"
}