{
  "autorest": "3.7.2",
  "use": [
    "@autorest/python@5.12.0",
    "@autorest/modelerfour@4.19.3"
  ],
  "commit": "6b29b8552671eded065f51ee1b291582ab8cc149",
  "repository_url": "https://github.com/Azure/azure-rest-api-specs",
  "autorest_command": "autorest specification/mysql/resource-manager/readme.md --multiapi --python --python-mode=update --python-sdks-folder=/home/vsts/work/1/azure-sdk-for-python/sdk --python3-only --track2 --use=@autorest/python@5.12.0 --use=@autorest/modelerfour@4.19.3 --version=3.7.2",
  "readme": "specification/mysql/resource-manager/readme.md"
}