{
  "commit": "3d7a3848106b831a4a7f46976fe38aa605c4f44d",
  "repository_url": "https://github.com/Azure/azure-rest-api-specs",
  "autorest": "3.9.2",
  "use": [
    "@autorest/python@6.2.16",
    "@autorest/modelerfour@4.24.3"
  ],
  "autorest_command": "autorest specification/msi/resource-manager/readme.md --generate-sample=True --include-x-ms-examples-original-file=True --python --python-sdks-folder=/home/vsts/work/1/azure-sdk-for-python/sdk --use=@autorest/python@6.2.16 --use=@autorest/modelerfour@4.24.3 --version=3.9.2 --version-tolerant=False",
  "readme": "specification/msi/resource-manager/readme.md"
}